Id,Name,QualityFactor
1,Supplier 1,0.2074682907
2,Supplier 2,0.2356082419
3,Supplier 3,0.2381029495
4,Supplier 4,0.09197775524
5,Supplier 5,0.3601395759
6,Supplier 6,0.3796659103
7,Supplier 7,0.4215788988
8,Supplier 8,0.2156610621
9,Supplier 9,0.4347852061
10,Supplier 10,0.3862245307